noise_level,threshold1_uniq,threshold2_uniq,threshold1_nonuniq,threshold2_nonuniq,Classification1,Classification2
0.0,44.44444444444444,44.44444444444444,66.66666666666666,66.66666666666666,nonunique,nonunique
1e-10,44.44444444444444,44.44444444444444,66.66666666666666,66.66666666666666,nonunique,nonunique
1e-09,44.44444444444444,44.44444444444444,66.66666666666666,66.66666666666666,nonunique,nonunique
1e-08,44.44444444444444,44.44444444444444,66.66666666666666,77.77777777777779,nonunique,nonunique
1e-07,71.11111111111111,77.77777777777779,66.66666666666666,77.77777777777779,unique,
1e-06,100.0,100.0,35.55555555555556,77.77777777777779,unique,unique
1e-05,100.0,100.0,0.0,66.66666666666666,unique,unique
0.0001,100.0,100.0,0.0,66.66666666666666,unique,unique
0.001,100.0,100.0,0.0,66.66666666666666,unique,unique
