noise_level,threshold_approx_uniq,threshold_exact_uniq,threshold_approx_nonuniq,threshold_exact_nonuniq,Classification_approx,Classification_exact,ClassificationTrue
0.0,0.0001846707727555653,0.00013789085549096073,0.00010916874304933857,-0.00015504003063123464,nonunique,nonunique,nonunique
1e-10,0.00018465149582512646,0.00013788503903737492,0.00010911437023789606,-0.0001550541059559656,nonunique,nonunique,nonunique
1e-09,0.00018457919275079507,0.00013783411958676517,0.00010893289103039113,-0.0001551720436010715,nonunique,nonunique,nonunique
1e-08,0.00018423599099754836,0.00013734386944940185,0.00010828740047477308,-0.00015626389931612617,nonunique,nonunique,nonunique
1e-07,0.00018201043079714516,0.00013199093224901585,0.00010654359078839504,-0.0001674473721865429,nonunique,nonunique,nonunique
1e-06,0.00016624825779899106,6.976972841235336e-05,0.00010536852149262777,-0.00030883044864521577,nonunique,nonunique,nonunique
1e-05,2.6129527810638064e-05,-0.00014728242629845584,0.0001935483814263871,-0.0014793983141355859,unique,nonunique,nonunique
0.0001,-0.001282071231718398,-0.0015421389285220518,0.0013203172407324647,-0.016877718233384853,unique,nonunique,nonunique
0.001,-0.012676787135261477,-0.013774044147095599,0.01310264744639925,-0.1851091755633824,unique,nonunique,nonunique
